{"GameField":{"robotDirection":0.37500000000000006,"isMaximal":false,"isIcon":false,"targetY":176.0,"width":823,"targetX":336.0,"fieldY":123,"fieldX":676,"robotX":335.66808745500265,"robotY":175.87169649004153,"height":765}}